Id,Name,Type,Industry,Description,AccountNumber,Website,Phone,BillingStreet,BillingCity,BillingPostalCode,BillingCountry
1,Account 1,Prospect,Healthcare,This is a description for Account 1.,ACC00001,https://www.account1.com,+1-555-7166,136 Main St,City1,35862,USA
2,Account 2,Vendor,Education,This is a description for Account 2.,ACC00002,https://www.account2.com,+1-555-6815,551 Main St,City2,33441,UK
3,Account 3,Vendor,Technology,This is a description for Account 3.,ACC00003,https://www.account3.com,+1-555-6994,256 Main St,City3,19679,USA
4,Account 4,Customer,Technology,This is a description for Account 4.,ACC00004,https://www.account4.com,+1-555-2122,439 Main St,City4,82571,Canada
5,Account 5,Prospect,Healthcare,This is a description for Account 5.,ACC00005,https://www.account5.com,+1-555-1581,657 Main St,City5,38702,Australia
6,Account 6,Customer,Retail,This is a description for Account 6.,ACC00006,https://www.account6.com,+1-555-8606,738 Main St,City6,71319,Australia
7,Account 7,Partner,Finance,This is a description for Account 7.,ACC00007,https://www.account7.com,+1-555-4147,997 Main St,City7,76970,UK
8,Account 8,Vendor,Finance,This is a description for Account 8.,ACC00008,https://www.account8.com,+1-555-8329,984 Main St,City8,56341,Germany
9,Account 9,Customer,Technology,This is a description for Account 9.,ACC00009,https://www.account9.com,+1-555-9294,961 Main St,City9,47695,USA
10,Account 10,Partner,Healthcare,This is a description for Account 10.,ACC00010,https://www.account10.com,+1-555-6170,439 Main St,City10,34133,Canada
11,Account 11,Partner,Retail,This is a description for Account 11.,ACC00011,https://www.account11.com,+1-555-6098,153 Main St,City11,10618,UK
12,Account 12,Customer,Education,This is a description for Account 12.,ACC00012,https://www.account12.com,+1-555-2551,431 Main St,City12,16356,Germany
13,Account 13,Vendor,Retail,This is a description for Account 13.,ACC00013,https://www.account13.com,+1-555-8078,871 Main St,City13,59317,Canada
14,Account 14,Partner,Technology,This is a description for Account 14.,ACC00014,https://www.account14.com,+1-555-6744,287 Main St,City14,47858,USA
15,Account 15,Prospect,Technology,This is a description for Account 15.,ACC00015,https://www.account15.com,+1-555-3278,807 Main St,City15,21866,USA
16,Account 16,Customer,Healthcare,This is a description for Account 16.,ACC00016,https://www.account16.com,+1-555-4222,925 Main St,City16,46854,USA
17,Account 17,Customer,Retail,This is a description for Account 17.,ACC00017,https://www.account17.com,+1-555-9774,474 Main St,City17,35183,Australia
18,Account 18,Customer,Retail,This is a description for Account 18.,ACC00018,https://www.account18.com,+1-555-5750,889 Main St,City18,33430,Canada
19,Account 19,Partner,Retail,This is a description for Account 19.,ACC00019,https://www.account19.com,+1-555-6816,396 Main St,City19,26085,Australia
20,Account 20,Partner,Healthcare,This is a description for Account 20.,ACC00020,https://www.account20.com,+1-555-5051,313 Main St,City20,47802,UK
21,Account 21,Customer,Technology,This is a description for Account 21.,ACC00021,https://www.account21.com,+1-555-6674,784 Main St,City21,49400,Canada
22,Account 22,Prospect,Education,This is a description for Account 22.,ACC00022,https://www.account22.com,+1-555-4516,551 Main St,City22,35445,USA
23,Account 23,Prospect,Healthcare,This is a description for Account 23.,ACC00023,https://www.account23.com,+1-555-1196,849 Main St,City23,53547,Canada
24,Account 24,Customer,Retail,This is a description for Account 24.,ACC00024,https://www.account24.com,+1-555-1476,256 Main St,City24,25822,Australia
25,Account 25,Vendor,Healthcare,This is a description for Account 25.,ACC00025,https://www.account25.com,+1-555-4080,257 Main St,City25,55991,Australia
26,Account 26,Prospect,Retail,This is a description for Account 26.,ACC00026,https://www.account26.com,+1-555-8366,312 Main St,City26,24849,Australia
27,Account 27,Partner,Retail,This is a description for Account 27.,ACC00027,https://www.account27.com,+1-555-8836,543 Main St,City27,60464,Canada
28,Account 28,Vendor,Finance,This is a description for Account 28.,ACC00028,https://www.account28.com,+1-555-4030,235 Main St,City28,91441,Canada
29,Account 29,Partner,Retail,This is a description for Account 29.,ACC00029,https://www.account29.com,+1-555-9530,996 Main St,City29,97135,Germany
30,Account 30,Customer,Retail,This is a description for Account 30.,ACC00030,https://www.account30.com,+1-555-7149,584 Main St,City30,60231,UK
31,Account 31,Partner,Retail,This is a description for Account 31.,ACC00031,https://www.account31.com,+1-555-5643,798 Main St,City31,48157,UK
32,Account 32,Partner,Retail,This is a description for Account 32.,ACC00032,https://www.account32.com,+1-555-6311,523 Main St,City32,31232,Australia
33,Account 33,Customer,Retail,This is a description for Account 33.,ACC00033,https://www.account33.com,+1-555-2181,145 Main St,City33,15856,Australia
34,Account 34,Customer,Education,This is a description for Account 34.,ACC00034,https://www.account34.com,+1-555-9299,595 Main St,City34,72866,UK
35,Account 35,Vendor,Healthcare,This is a description for Account 35.,ACC00035,https://www.account35.com,+1-555-1063,717 Main St,City35,78691,Australia
36,Account 36,Partner,Finance,This is a description for Account 36.,ACC00036,https://www.account36.com,+1-555-9022,698 Main St,City36,13137,Germany
37,Account 37,Vendor,Healthcare,This is a description for Account 37.,ACC00037,https://www.account37.com,+1-555-9873,926 Main St,City37,29919,Canada
38,Account 38,Prospect,Education,This is a description for Account 38.,ACC00038,https://www.account38.com,+1-555-7915,602 Main St,City38,54026,UK
39,Account 39,Vendor,Healthcare,This is a description for Account 39.,ACC00039,https://www.account39.com,+1-555-5587,416 Main St,City39,26205,Germany
40,Account 40,Partner,Healthcare,This is a description for Account 40.,ACC00040,https://www.account40.com,+1-555-4049,289 Main St,City40,12620,UK
41,Account 41,Customer,Retail,This is a description for Account 41.,ACC00041,https://www.account41.com,+1-555-3592,830 Main St,City41,61519,Australia
42,Account 42,Customer,Education,This is a description for Account 42.,ACC00042,https://www.account42.com,+1-555-1647,440 Main St,City42,83037,Canada
43,Account 43,Customer,Retail,This is a description for Account 43.,ACC00043,https://www.account43.com,+1-555-7092,706 Main St,City43,91274,UK
44,Account 44,Partner,Technology,This is a description for Account 44.,ACC00044,https://www.account44.com,+1-555-5943,887 Main St,City44,24710,Canada
45,Account 45,Vendor,Finance,This is a description for Account 45.,ACC00045,https://www.account45.com,+1-555-6947,681 Main St,City45,45932,Germany
46,Account 46,Customer,Education,This is a description for Account 46.,ACC00046,https://www.account46.com,+1-555-9125,688 Main St,City46,30056,USA
47,Account 47,Customer,Healthcare,This is a description for Account 47.,ACC00047,https://www.account47.com,+1-555-3897,156 Main St,City47,84744,UK
48,Account 48,Prospect,Finance,This is a description for Account 48.,ACC00048,https://www.account48.com,+1-555-2109,758 Main St,City48,33800,Canada
49,Account 49,Partner,Healthcare,This is a description for Account 49.,ACC00049,https://www.account49.com,+1-555-9093,981 Main St,City49,78723,Australia
50,Account 50,Prospect,Education,This is a description for Account 50.,ACC00050,https://www.account50.com,+1-555-4517,528 Main St,City50,12098,USA
51,Account 51,Partner,Healthcare,This is a description for Account 51.,ACC00051,https://www.account51.com,+1-555-1748,607 Main St,City51,16317,UK
52,Account 52,Vendor,Education,This is a description for Account 52.,ACC00052,https://www.account52.com,+1-555-7306,556 Main St,City52,51567,UK
53,Account 53,Prospect,Technology,This is a description for Account 53.,ACC00053,https://www.account53.com,+1-555-6180,408 Main St,City53,75769,USA
54,Account 54,Vendor,Healthcare,This is a description for Account 54.,ACC00054,https://www.account54.com,+1-555-7732,731 Main St,City54,63536,UK
55,Account 55,Vendor,Technology,This is a description for Account 55.,ACC00055,https://www.account55.com,+1-555-6212,887 Main St,City55,44116,USA
56,Account 56,Partner,Technology,This is a description for Account 56.,ACC00056,https://www.account56.com,+1-555-9943,537 Main St,City56,31538,USA
57,Account 57,Customer,Retail,This is a description for Account 57.,ACC00057,https://www.account57.com,+1-555-6339,742 Main St,City57,68723,Germany
58,Account 58,Vendor,Healthcare,This is a description for Account 58.,ACC00058,https://www.account58.com,+1-555-6837,773 Main St,City58,66010,Germany
59,Account 59,Partner,Healthcare,This is a description for Account 59.,ACC00059,https://www.account59.com,+1-555-9203,103 Main St,City59,28630,UK
60,Account 60,Prospect,Retail,This is a description for Account 60.,ACC00060,https://www.account60.com,+1-555-9914,299 Main St,City60,87242,Australia
61,Account 61,Customer,Education,This is a description for Account 61.,ACC00061,https://www.account61.com,+1-555-9053,538 Main St,City61,12133,Canada
62,Account 62,Prospect,Technology,This is a description for Account 62.,ACC00062,https://www.account62.com,+1-555-2725,727 Main St,City62,65542,UK
63,Account 63,Vendor,Education,This is a description for Account 63.,ACC00063,https://www.account63.com,+1-555-7538,779 Main St,City63,32022,Australia
64,Account 64,Prospect,Technology,This is a description for Account 64.,ACC00064,https://www.account64.com,+1-555-3313,459 Main St,City64,93056,Germany
65,Account 65,Partner,Technology,This is a description for Account 65.,ACC00065,https://www.account65.com,+1-555-3765,740 Main St,City65,39609,Germany
66,Account 66,Prospect,Education,This is a description for Account 66.,ACC00066,https://www.account66.com,+1-555-6245,481 Main St,City66,86285,Australia
67,Account 67,Prospect,Retail,This is a description for Account 67.,ACC00067,https://www.account67.com,+1-555-2499,719 Main St,City67,14081,USA
68,Account 68,Prospect,Healthcare,This is a description for Account 68.,ACC00068,https://www.account68.com,+1-555-1069,642 Main St,City68,30356,USA
69,Account 69,Prospect,Education,This is a description for Account 69.,ACC00069,https://www.account69.com,+1-555-7879,225 Main St,City69,61120,Canada
70,Account 70,Customer,Technology,This is a description for Account 70.,ACC00070,https://www.account70.com,+1-555-2310,261 Main St,City70,34484,UK
71,Account 71,Prospect,Finance,This is a description for Account 71.,ACC00071,https://www.account71.com,+1-555-6301,760 Main St,City71,34838,USA
72,Account 72,Prospect,Healthcare,This is a description for Account 72.,ACC00072,https://www.account72.com,+1-555-5897,688 Main St,City72,59482,Canada
73,Account 73,Partner,Retail,This is a description for Account 73.,ACC00073,https://www.account73.com,+1-555-4609,480 Main St,City73,66521,Australia
74,Account 74,Prospect,Education,This is a description for Account 74.,ACC00074,https://www.account74.com,+1-555-2996,878 Main St,City74,10101,Australia
75,Account 75,Customer,Retail,This is a description for Account 75.,ACC00075,https://www.account75.com,+1-555-1150,603 Main St,City75,49967,USA
76,Account 76,Vendor,Finance,This is a description for Account 76.,ACC00076,https://www.account76.com,+1-555-5268,477 Main St,City76,75242,Germany
77,Account 77,Customer,Technology,This is a description for Account 77.,ACC00077,https://www.account77.com,+1-555-4729,712 Main St,City77,12964,Canada
78,Account 78,Customer,Finance,This is a description for Account 78.,ACC00078,https://www.account78.com,+1-555-9005,641 Main St,City78,11651,Canada
79,Account 79,Vendor,Technology,This is a description for Account 79.,ACC00079,https://www.account79.com,+1-555-6295,861 Main St,City79,72572,Canada
80,Account 80,Customer,Retail,This is a description for Account 80.,ACC00080,https://www.account80.com,+1-555-3288,724 Main St,City80,85696,UK
81,Account 81,Prospect,Education,This is a description for Account 81.,ACC00081,https://www.account81.com,+1-555-2648,166 Main St,City81,76294,Germany
82,Account 82,Prospect,Education,This is a description for Account 82.,ACC00082,https://www.account82.com,+1-555-8426,855 Main St,City82,54885,Germany
83,Account 83,Prospect,Retail,This is a description for Account 83.,ACC00083,https://www.account83.com,+1-555-6316,938 Main St,City83,50300,Germany
84,Account 84,Prospect,Retail,This is a description for Account 84.,ACC00084,https://www.account84.com,+1-555-6249,888 Main St,City84,33152,Australia
85,Account 85,Customer,Healthcare,This is a description for Account 85.,ACC00085,https://www.account85.com,+1-555-9582,130 Main St,City85,54494,UK
86,Account 86,Vendor,Retail,This is a description for Account 86.,ACC00086,https://www.account86.com,+1-555-9516,880 Main St,City86,52291,Germany
87,Account 87,Partner,Finance,This is a description for Account 87.,ACC00087,https://www.account87.com,+1-555-6635,944 Main St,City87,55153,Germany
88,Account 88,Vendor,Healthcare,This is a description for Account 88.,ACC00088,https://www.account88.com,+1-555-4592,476 Main St,City88,89929,Canada
89,Account 89,Prospect,Technology,This is a description for Account 89.,ACC00089,https://www.account89.com,+1-555-1611,654 Main St,City89,87658,Australia
90,Account 90,Partner,Retail,This is a description for Account 90.,ACC00090,https://www.account90.com,+1-555-4222,966 Main St,City90,41784,USA
91,Account 91,Vendor,Finance,This is a description for Account 91.,ACC00091,https://www.account91.com,+1-555-5987,131 Main St,City91,60156,UK
92,Account 92,Customer,Finance,This is a description for Account 92.,ACC00092,https://www.account92.com,+1-555-2161,637 Main St,City92,98183,Canada
93,Account 93,Customer,Technology,This is a description for Account 93.,ACC00093,https://www.account93.com,+1-555-6200,945 Main St,City93,66462,UK
94,Account 94,Prospect,Education,This is a description for Account 94.,ACC00094,https://www.account94.com,+1-555-3655,667 Main St,City94,28075,USA
95,Account 95,Customer,Healthcare,This is a description for Account 95.,ACC00095,https://www.account95.com,+1-555-2883,136 Main St,City95,48980,UK
96,Account 96,Prospect,Education,This is a description for Account 96.,ACC00096,https://www.account96.com,+1-555-9158,901 Main St,City96,84336,Canada
97,Account 97,Vendor,Healthcare,This is a description for Account 97.,ACC00097,https://www.account97.com,+1-555-8817,743 Main St,City97,69981,UK
98,Account 98,Customer,Healthcare,This is a description for Account 98.,ACC00098,https://www.account98.com,+1-555-8688,376 Main St,City98,69816,UK
99,Account 99,Partner,Retail,This is a description for Account 99.,ACC00099,https://www.account99.com,+1-555-2270,390 Main St,City99,14013,Canada
100,Account 100,Vendor,Finance,This is a description for Account 100.,ACC00100,https://www.account100.com,+1-555-8617,283 Main St,City100,24120,USA
