Id,FirstName,LastName,AccountId,RecordTypeId,MailingStreet
1,Test,Contact,1,b2b,This sentence is just 40 characters long
2,Experience,User,2,b2c,This sentence is just 40 characters long
3,Test,Contact,3,b2b,This sentence is just 40 characters long
4,Experience,User,4,b2c,This sentence is just 40 characters long
5,Test,Contact,5,b2b,This sentence is just 40 characters long
6,Experience,User,6,b2c,This sentence is just 40 characters long
7,Test,Contact,7,b2b,This sentence is just 40 characters long
8,Experience,User,8,b2c,This sentence is just 40 characters long
9,Test,Contact,9,b2b,This sentence is just 40 characters long
10,Experience,User,10,b2c,This sentence is just 40 characters long
11,Test,Contact,11,b2b,This sentence is just 40 characters long
12,Experience,User,12,b2c,This sentence is just 40 characters long
13,Test,Contact,13,b2b,This sentence is just 40 characters long
14,Experience,User,14,b2c,This sentence is just 40 characters long
15,Test,Contact,15,b2b,This sentence is just 40 characters long
16,Experience,User,16,b2c,This sentence is just 40 characters long
17,Test,Contact,17,b2b,This sentence is just 40 characters long
18,Experience,User,18,b2c,This sentence is just 40 characters long
19,Test,Contact,19,b2b,This sentence is just 40 characters long
20,Experience,User,20,b2c,This sentence is just 40 characters long
21,Test,Contact,21,b2b,This sentence is just 40 characters long
22,Experience,User,22,b2c,This sentence is just 40 characters long
23,Test,Contact,23,b2b,This sentence is just 40 characters long
24,Experience,User,24,b2c,This sentence is just 40 characters long
25,Test,Contact,25,b2b,This sentence is just 40 characters long
26,Experience,User,26,b2c,This sentence is just 40 characters long
27,Test,Contact,27,b2b,This sentence is just 40 characters long
28,Experience,User,28,b2c,This sentence is just 40 characters long
29,Test,Contact,29,b2b,This sentence is just 40 characters long
30,Experience,User,30,b2c,This sentence is just 40 characters long
31,Test,Contact,31,b2b,This sentence is just 40 characters long
32,Experience,User,32,b2c,This sentence is just 40 characters long
33,Test,Contact,33,b2b,This sentence is just 40 characters long
34,Experience,User,34,b2c,This sentence is just 40 characters long
35,Test,Contact,35,b2b,This sentence is just 40 characters long
36,Experience,User,36,b2c,This sentence is just 40 characters long
37,Test,Contact,37,b2b,This sentence is just 40 characters long
38,Experience,User,38,b2c,This sentence is just 40 characters long
39,Test,Contact,39,b2b,This sentence is just 40 characters long
40,Experience,User,40,b2c,This sentence is just 40 characters long
41,Test,Contact,41,b2b,This sentence is just 40 characters long
42,Experience,User,42,b2c,This sentence is just 40 characters long
43,Test,Contact,43,b2b,This sentence is just 40 characters long
44,Experience,User,44,b2c,This sentence is just 40 characters long
45,Test,Contact,45,b2b,This sentence is just 40 characters long
46,Experience,User,46,b2c,This sentence is just 40 characters long
47,Test,Contact,47,b2b,This sentence is just 40 characters long
48,Experience,User,48,b2c,This sentence is just 40 characters long
49,Test,Contact,49,b2b,This sentence is just 40 characters long. No its actually 60
50,Experience,User,50,b2c,This sentence is just 40 characters long. No its actually 60
51,Test,Contact,51,b2b,This sentence is just 40 characters long. No its actually 60
52,Experience,User,52,b2c,This sentence is just 40 characters long. No its actually 60
53,Test,Contact,53,b2b,This sentence is just 40 characters long. No its actually 60
54,Experience,User,54,b2c,This sentence is just 40 characters long. No its actually 60
55,Test,Contact,55,b2b,This sentence is just 40 characters long. No its actually 60
56,Experience,User,56,b2c,This sentence is just 40 characters long. No its actually 60
57,Test,Contact,57,b2b,This sentence is just 40 characters long. No its actually 60
58,Experience,User,58,b2c,This sentence is just 40 characters long. No its actually 60
59,Test,Contact,59,b2b,This sentence is just 40 characters long. No its actually 60
60,Experience,User,60,b2c,This sentence is just 40 characters long. No its actually 60
61,Test,Contact,61,b2b,This sentence is just 40 characters long. No its actually 60
62,Experience,User,62,b2c,This sentence is just 40 characters long. No its actually 60
63,Test,Contact,63,b2b,This sentence is just 40 characters long. No its actually 60
64,Experience,User,64,b2c,This sentence is just 40 characters long. No its actually 60
65,Test,Contact,65,b2b,This sentence is just 40 characters long. No its actually 60
66,Experience,User,66,b2c,This sentence is just 40 characters long. No its actually 60
67,Test,Contact,67,b2b,This sentence is just 40 characters long. No its actually 60
68,Experience,User,68,b2c,This sentence is just 40 characters long. No its actually 60
69,Test,Contact,69,b2b,This sentence is just 40 characters long. No its actually 60
70,Experience,User,70,b2c,This sentence is just 40 characters long. No its actually 60
71,Test,Contact,71,b2b,This sentence is just 40 characters long. No its actually 60
72,Experience,User,72,b2c,This sentence is just 40 characters long. No its actually 60
73,Test,Contact,73,b2b,This sentence is just 40 characters long. No its actually 60
74,Experience,User,74,b2c,This sentence is just 40 characters long. No its actually 60
75,Test,Contact,75,b2b,This sentence is just 40 characters long. No its actually 60
76,Experience,User,76,b2c,This sentence is just 40 characters long. No its actually 60
77,Test,Contact,77,b2b,This sentence is just 40 characters long. No its actually 60
78,Experience,User,78,b2c,This sentence is just 40 characters long. No its actually 60
79,Test,Contact,79,b2b,This sentence is just 40 characters long. No its actually 60
80,Experience,User,80,b2c,This sentence is just 40 characters long. No its actually 60
81,Test,Contact,81,b2b,This sentence is just 40 characters long. No its actually 60
82,Experience,User,82,b2c,This sentence is just 40 characters long. No its actually 60
83,Test,Contact,83,b2b,This sentence is just 40 characters long. No its actually 60
84,Experience,User,84,b2c,This sentence is just 40 characters long. No its actually 60
85,Test,Contact,85,b2b,This sentence is just 40 characters long. No its actually 60
86,Experience,User,86,b2c,This sentence is just 40 characters long. No its actually 60
87,Test,Contact,87,b2b,This sentence is just 40 characters long. No its actually 60
88,Experience,User,88,b2c,This sentence is just 40 characters long. No its actually 60
89,Test,Contact,89,b2b,This sentence is just 40 characters long. No its actually 60
90,Experience,User,90,b2c,This sentence is just 40 characters long. No its actually 60
91,Test,Contact,91,b2b,This sentence is just 40 characters long. No its actually 60
92,Experience,User,92,b2c,This sentence is just 40 characters long. No its actually 60
93,Test,Contact,93,b2b,This sentence is just 40 characters long. No its actually 60
94,Experience,User,94,b2c,This sentence is just 40 characters long. No its actually 60
95,Test,Contact,95,b2b,This sentence is just 40 characters long. No its actually 60
96,Experience,User,96,b2c,This sentence is just 40 characters long. No its actually 60
97,Test,Contact,97,b2b,This sentence is just 40 characters long. No its actually 60
98,Experience,User,98,b2c,This sentence is just 40 characters long. No its actually 60
99,Test,Contact,99,b2b,This sentence is just 40 characters long. No its actually 60
100,Experience,User,100,b2c,This sentence is just 40 characters long. No its actually 60